{"B07": {"min": 0.0, "max": 1.0, "mean": 0.558420034895451, "std": 0.19085626805157718}, "B05": {"min": 0.0, "max": 1.0, "mean": 0.5731480301049245, "std": 0.19973244606749324}, "B02": {"min": 0.0, "max": 1.0, "mean": 0.5985561581768388, "std": 0.19928202783226617}, "B01": {"min": 0.0, "max": 1.0, "mean": 0.6053207248474963, "std": 0.1926645070874851}, "B20": {"min": 0.0, "max": 1.0, "mean": 0.5982417952678131, "std": 0.1911398651613819}}